name,barcode,price,weight,category,date
Chicken Pad Thai 235 g,6007875746938,59.99,0.23,Ready_meals,29-05-2023
Sesame Soya Chicken Noodles 1 kg,6007875709148,189.99,1.0,Ready_meals,29-05-2023
Chicken Fried Rice 1 kg,6007875709155,184.99,1.0,Ready_meals,29-05-2023
Mixed Vegetables 400 g,20149116,32.99,0.4,Ready_meals,29-05-2023
Roasting Vegetables 500 g,20201227,32.99,0.5,Ready_meals,29-05-2023
Beef Lasagne 1 kg,20022488,179.99,1.0,Ready_meals,29-05-2023
Creamy Swiss Chard & Honey Butternut 350 g,20204877,52.99,0.35,Ready_meals,29-05-2023
Chicken Pie 580 g,20013189,99.99,0.58,Ready_meals,29-05-2023
Spaghetti Bolognese 300 g,20152123,69.99,0.3,Ready_meals,29-05-2023
Beef Lasagne 300 g,20034948,72.99,0.3,Ready_meals,29-05-2023
Macaroni Cheese 1 kg,20115609,159.99,1.0,Ready_meals,29-05-2023
Seasonal Vegetables 450 g,20130527,32.99,0.45,Ready_meals,29-05-2023
"PlantLove™ Swiss Chard, Sweetcorn & Butter Bean Rounds 4 pk",20201814,49.99,,Ready_meals,29-05-2023
Kids Cheese-a-roni Macaroni Cheese 200 g,20196356,54.99,0.2,Ready_meals,29-05-2023
Macaroni Cheese 300 g,20039707,69.99,0.3,Ready_meals,29-05-2023
Green Vegetable Medley 375 g,6009189863219,32.99,0.38,Ready_meals,29-05-2023
Beef Steak Pie 580 g,20013172,99.99,0.58,Ready_meals,29-05-2023
Basil Pesto 125 g,20160074,67.99,0.12,Ready_meals,29-05-2023
"Butternut, Cauliflower & Baby Marrows 450 g",20201333,32.99,0.45,Ready_meals,29-05-2023
Kids Easy Cheesy Chicken 200 g,6008000747493,54.99,0.2,Ready_meals,29-05-2023
Country Vegetables 400 g,20130510,44.99,0.4,Ready_meals,29-05-2023
Stonebaked Cheese & Tomato Pizza 325 g,20175795,84.99,0.33,Ready_meals,29-05-2023
Kids Spaghetti with Savoury Beef Mince 205 g,6009101225699,54.99,0.2,Ready_meals,29-05-2023
Creamy Chicken Lasagne 1 kg,6009214229454,189.99,1.0,Ready_meals,29-05-2023
Fresh Butternut Soup 600 g,20100056,42.99,0.6,Ready_meals,29-05-2023
Roasting Vegetables 1.5 kg,6009182009065,76.99,5.0,Ready_meals,29-05-2023
Cottage Pie 350 g,20007294,84.99,0.35,Ready_meals,29-05-2023
Macaroni Cheese with Bacon 300 g,20080709,69.99,0.3,Ready_meals,29-05-2023
Kids Meaty Macaroni & Cheese 200 g,20184469,54.99,0.2,Ready_meals,29-05-2023
Pumpkin Fritters 260 g,6005000975901,49.99,0.26,Ready_meals,29-05-2023
Macaroni Cheese & Beef Bolognese 300 g,20152130,69.99,0.3,Ready_meals,29-05-2023
"Butternut, Pumpkin & Sweet Potato Mix 500 g",6009204926899,32.99,0.5,Ready_meals,29-05-2023
Beef Lasagne 2 kg,20188320,319.99,2.0,Ready_meals,29-05-2023
Chicken Lasagne 300 g,6001009000811,72.99,0.3,Ready_meals,29-05-2023
Baby Potatoes with Garlic & Herb Butter 350 g,20046002,16.99,0.35,Ready_meals,29-05-2023
BBQ Chicken & Bacon Pasta 1 kg,6009178928134,189.99,1.0,Ready_meals,29-05-2023
Kids Pasta Pillows 200 g,20196370,54.99,0.2,Ready_meals,29-05-2023
Spinach & Ricotta Cannelloni 350 g,20149284,72.99,0.35,Ready_meals,29-05-2023
Fresh Egg Noodles 250 g,6005000285482,26.99,0.25,Ready_meals,29-05-2023
Pepper Steak Pie 580 g,20109271,99.99,0.58,Ready_meals,29-05-2023
Crunchy Topped Cottage Pie 1 kg,6009195492847,189.99,1.0,Ready_meals,29-05-2023
Cottage Pie 235 g,6009195888688,59.99,0.23,Ready_meals,29-05-2023
Mince Curry & Rice 350 g,6009000346075,84.99,0.35,Ready_meals,29-05-2023
Tagliatelle Alfredo 300 g,20082154,72.99,0.3,Ready_meals,29-05-2023
Kids Twisty Tuna Pasta 200 g,6009178037805,54.99,0.2,Ready_meals,29-05-2023
Spaghetti Carbonara 300 g,20123895,72.99,0.3,Ready_meals,29-05-2023
Kids Chicken Noodle Doo 200 g,20196349,54.99,0.2,Ready_meals,29-05-2023
Chicken A La King with Rice 400 g,20139797,87.99,0.4,Ready_meals,29-05-2023
Kids Criss Cross Cottage Pie 220 g,20196363,54.99,0.22,Ready_meals,29-05-2023
Fresh Farmhouse Chicken Soup 600 g,6009189149276,59.99,0.6,Ready_meals,29-05-2023
Butter Chicken 350 g,20128883,94.99,0.35,Ready_meals,29-05-2023
Pumpkin Fritters with a Sticky Cinnamon Syrup 700 g,6009211272408,86.99,0.7,Ready_meals,29-05-2023
BBQ Chicken & Bacon Pasta 300 g,6009182630214,69.99,0.3,Ready_meals,29-05-2023
Stonebaked Bacon & South African Feta Pizza 365 g,6009175970334,99.99,0.36,Ready_meals,29-05-2023
Creamy Swiss Chard with a Hint of Nutmeg 300 g,20026752,48.99,0.3,Ready_meals,29-05-2023
Chicken Stroganoff 220 g,6009195888695,59.99,0.22,Ready_meals,29-05-2023
Fresh Chicken Noodle Soup 600 g,20119812,59.99,0.6,Ready_meals,29-05-2023
Fresh Vegetable & Barley Soup 600 g,6005000811803,42.99,0.6,Ready_meals,29-05-2023
Stonebaked BBQ Chicken Pizza 410 g,6009204147539,99.99,0.41,Ready_meals,29-05-2023
Creamy Potato Bake in a Béchamel Sauce 800 g,6009182954778,79.99,0.8,Ready_meals,29-05-2023
Braised Beef Stew 220 g,6009195888701,59.99,0.22,Ready_meals,29-05-2023
Farmer's Vegetable Selection 330 g,6001009037091,44.99,0.33,Ready_meals,29-05-2023
Stonebaked Club Pizza 430 g,6001009004192,99.99,0.43,Ready_meals,29-05-2023
Chicken Broccoli Bake 1 kg,6009214234335,189.99,1.0,Ready_meals,29-05-2023
Quiche Lorraine 740 g,20013264,149.99,0.74,Ready_meals,29-05-2023
Chicken Roti 1 kg,6009204039292,159.99,1.0,Ready_meals,29-05-2023
Sweet & Crunchy Vegetables 400 g,20098551,32.99,0.4,Ready_meals,29-05-2023
Stonebaked Ham & Pineapple Pizza 395 g,6009101530830,99.99,0.4,Ready_meals,29-05-2023
Macaroni Cheese & Bacon 1 kg,6009101392865,179.99,1.0,Ready_meals,29-05-2023
Fresh & Creamy Tomato Soup 600 g,6009101101108,59.99,0.6,Ready_meals,29-05-2023
Roast Chicken Pie 1 kg,6009204767256,199.99,1.0,Ready_meals,29-05-2023
"Broccoli, Butternut & Baby Marrow in a Béchamel Sauce 420 g",20183981,48.99,0.42,Ready_meals,29-05-2023
Fresh Sweet & Sour Stir-Fry Sauce 100 g,6009184396286,22.99,0.1,Ready_meals,29-05-2023
"Butternut, Swiss Chard & Red Onion Bake 725 g",6009182954716,72.99,0.72,Ready_meals,29-05-2023
Chunky Roasting Vegetables 800 g,6009214493459,39.99,0.8,Ready_meals,29-05-2023
Stonebaked Caprese Pizza 510 g,6009189001000,109.99,0.51,Ready_meals,29-05-2023
Chicken Broccoli 350 g,20102135,87.99,0.35,Ready_meals,29-05-2023
Chicken Biryani 350 g,6009207099569,87.99,0.35,Ready_meals,29-05-2023
Fresh Pour Over Cheese Sauce 200 g,20040000,48.99,0.2,Ready_meals,29-05-2023
Fresh Country Vegetable Soup 600 g,20139919,42.99,0.6,Ready_meals,29-05-2023
Potato Croquettes with Creamy Potato Mash 520 g,6009214464879,59.99,0.52,Ready_meals,29-05-2023
Creamy Potato Mash 500 g,6009214464855,54.99,0.5,Ready_meals,29-05-2023
Cheese & Tomato Pizza 90 g,6009173925343,36.99,0.09,Ready_meals,29-05-2023
Chicken Korma 350 g,20147686,94.99,0.35,Ready_meals,29-05-2023
Chicken Biryani 1 kg,6009195402808,199.99,1.0,Ready_meals,29-05-2023
Chicken Arrabbiata 300 g,6009214535302,69.99,0.3,Ready_meals,29-05-2023
Quiche Lorraine 2 x 150 g,20081058,75.99,0.3,Ready_meals,29-05-2023
Braised Beef Stew 350 g,6009189968822,92.99,0.35,Ready_meals,29-05-2023
PlantLove™ Crumbed Savoury Soya Portions 200 g,6009214014845,49.99,0.2,Ready_meals,29-05-2023
Mozzarella Arancini Balls 18 pk,6009189652608,82.99,,Ready_meals,29-05-2023
Fresh Pea & Ham Soup 600 g,20139926,59.99,0.6,Ready_meals,29-05-2023
Spaghetti Bolognese 400 g,6009182759540,79.99,0.4,Ready_meals,29-05-2023
Vegetarian™ Vegetable Risotto Kyivs 2 pk,6009211641235,49.99,,Ready_meals,29-05-2023
Sesame Chicken Noodle 400 g,6009207323695,89.99,0.4,Ready_meals,29-05-2023
Tuna Penne 300 g,6009182759595,69.99,0.3,Ready_meals,29-05-2023
Spinach & Ricotta Ravioli 250 g,20120825,79.99,0.25,Ready_meals,29-05-2023
Spinach & Feta Quiche 2 x 150 g,20081065,75.99,0.3,Ready_meals,29-05-2023
PlantLove™ Crumbed Savoury Soya Bites 160 g,6009214014722,49.99,0.16,Ready_meals,29-05-2023
Vegetarian™ Vegetable Phyllo Parcels 2 pk,6009211641242,56.99,,Ready_meals,29-05-2023
Fresh Beef & Country Vegetable Soup 600 g,6005000811834,64.99,0.6,Ready_meals,29-05-2023
Stonebaked Thin & Crispy Pizza Bases 2 x 165g,20176976,74.99,,Ready_meals,29-05-2023
Stonebaked Ham & Mushroom Pizza 2 x 405 g,6008000614542,179.99,0.81,Ready_meals,29-05-2023
Fresh Napoletana Sauce 200 g,20094621,48.99,0.2,Ready_meals,29-05-2023
"Broccoli, Butternut & Baby Marrow in a Béchamel Sauce 800 g",6009000074237,84.99,0.8,Ready_meals,29-05-2023
Fresh Pour Over Cheese Sauce 400 g,20102142,72.99,0.4,Ready_meals,29-05-2023
Cashew Nut Chicken 400 g,6009204041141,89.99,0.4,Ready_meals,29-05-2023
Spinach & South African Feta Quiche 740 g,20013271,149.99,0.74,Ready_meals,29-05-2023
Grilled Halloumi & Roasted Vegetables in a Creamy Tomato Sauce 420 g,6009101070831,64.99,0.42,Ready_meals,29-05-2023
Fresh Creamy Tomato Sauce 200 g,20091705,48.99,0.2,Ready_meals,29-05-2023
PlantLove™ Minced Soya 180 g,6009214014715,49.99,0.18,Ready_meals,29-05-2023
Thai Coconut Stir Fry Sauce  100 g,6005000285505,22.99,0.1,Ready_meals,29-05-2023
Chicken Burrito Bake 1.1 kg,6009204767249,174.99,1.0,Ready_meals,29-05-2023
Beef Ravioli 250 g,6009207535784,86.99,0.25,Ready_meals,29-05-2023
Stonebaked Garlic Pizza 255 g,6009211780965,64.99,0.26,Ready_meals,29-05-2023
Sweetcorn Medley 400 g,6009182954631,32.99,0.4,Ready_meals,29-05-2023
Vegetarian™ Mushroom & Red Pepper Kyivs 2 pk,6009211573765,59.99,,Ready_meals,29-05-2023
Thai Green Chicken Curry 400 g,6009204044067,89.99,0.4,Ready_meals,29-05-2023
Fresh Roasted Red Pepper Pesto 125 g,20204006,67.99,0.12,Ready_meals,29-05-2023
Beef Chow Mein 400 g,6009204041158,89.99,0.4,Ready_meals,29-05-2023
Basil & Ricotta Ravioli 400 g,6009204359239,89.99,0.4,Ready_meals,29-05-2023
Roasted Veg Medley 400 g,6009175318617,49.99,0.4,Ready_meals,29-05-2023
CARB CLEVER™ Butter Chicken Curry 340 g,6009189727184,95.99,0.34,Ready_meals,29-05-2023
Five Cheese Ravioli 250 g,6009195518769,79.99,0.25,Ready_meals,29-05-2023
Pork Pies 4 x 75 g,6009000664056,92.99,0.3,Ready_meals,29-05-2023
Butternut Pansotti 250 g,20093471,79.99,0.25,Ready_meals,29-05-2023
Cauliflower & Broccoli Florets in a Creamy Béchamel Sauce 250 g,6009101471447,34.99,0.25,Ready_meals,29-05-2023
"Baby Marrows, Peas, & Sliced Swiss Chard 235 g",6009195751067,39.99,0.23,Ready_meals,29-05-2023
Basil & Mascarpone Girasoli 250 g,6009195518752,79.99,0.25,Ready_meals,29-05-2023
PlantLove™ Vegetable Green Curry 400 g,6009211568457,77.99,0.4,Ready_meals,29-05-2023
Gnocchi Italian Potato Dumplings 400 g,6009207535777,79.99,0.4,Ready_meals,29-05-2023
Stonebaked Cheese & Tomato Pizza 2 x 360 g,6009211653269,159.99,0.72,Ready_meals,29-05-2023
Sweet Potato & Pumpkin Mash 500 g,6009211653252,38.99,0.5,Ready_meals,29-05-2023
Pork Pies 2 x 75 g,6009000664049,59.99,0.15,Ready_meals,29-05-2023
Chilli Prawn Linguine 400 g,6009207839264,94.99,0.4,Ready_meals,29-05-2023
Porcini Mushroom Girasolini 250 g,6009175318129,79.99,0.25,Ready_meals,29-05-2023
Vegetarian™ Biryani 350 g,6009214798943,85.99,0.35,Ready_meals,29-05-2023
Kids Cheese Sauce with Hidden Veggie 100 g,6009175386357,26.99,0.1,Ready_meals,29-05-2023
Kids Beef Bolognese Sauce with Extra Veggies 100 g,6009175386715,26.99,0.1,Ready_meals,29-05-2023
Kids Roasted Veggies in a Cheese Sauce 100 g,6009175386708,22.99,0.1,Ready_meals,29-05-2023
Gluten Free Pizza Bases 2 pk,6009184932507,53.99,,Ready_meals,29-05-2023
Lightly Smoked Trout Steamer 300 g,6009211673632,84.99,0.3,Ready_meals,29-05-2023
Vegetarian™ Butter Curry 350 g,6009214798929,89.99,0.35,Ready_meals,29-05-2023
PlantLove™ Spaghetti Bolognese 300 g,6009214798967,59.99,0.3,Ready_meals,29-05-2023
Minestrone Soup Mix 550 g,20167172,37.5,0.55,Ready_meals,29-05-2023
Split Pea Soup Mix 750 g,6009101451777,37.5,0.75,Ready_meals,29-05-2023
Butternut & Sweet Potato Soup Mix 600 g,20167165,37.5,0.6,Ready_meals,29-05-2023
"Fresh & Creamy Spinach, Broccoli & Kale Soup 600 g",6009195334413,59.99,0.6,Ready_meals,29-05-2023
Fresh & Creamy Mushroom Soup 600 g,6009178470015,69.99,0.6,Ready_meals,29-05-2023
Fresh Biltong Soup 600 g,6009182725330,79.99,0.6,Ready_meals,29-05-2023
Fresh Moroccan Lamb Soup 600 g,6009171561307,79.99,0.6,Ready_meals,29-05-2023
Fresh Butternut Soup 1.2 kg,20121808,74.99,2.0,Ready_meals,29-05-2023
Hearty Vegetable Soup Mix 600 g,20089986,37.5,0.6,Ready_meals,29-05-2023
Fresh Butter Chicken Soup 600 g,6009178470077,79.99,0.6,Ready_meals,29-05-2023
Lentil & Barley Soup Mix 600 g,20167202,37.5,0.6,Ready_meals,29-05-2023
Fresh Farmhouse Chicken Soup 1.2 kg,6009189629679,99.99,2.0,Ready_meals,29-05-2023
Chunky Vegetable Soup Mix 1.5 kg,6009178253533,65.0,5.0,Ready_meals,29-05-2023
Potato & Leek Soup Mix 600 g,6009182954662,37.5,0.6,Ready_meals,29-05-2023
"Chilli, Chickpea & Butternut Soup Mix 600 g",6009182954679,37.5,0.6,Ready_meals,29-05-2023
Beef Lasagne 420 g,6009226278648,89.99,0.42,Ready_meals,29-05-2023
"Bean, Sorghum & Vegetable Soup Mix 550 g",6009217501953,37.5,0.55,Ready_meals,29-05-2023
Fresh Minestrone Soup 600 g,6009223196334,55.99,0.6,Ready_meals,29-05-2023
Soy Chicken Ramen Noodle Pot 300 g,6007875250138,69.99,0.3,Ready_meals,29-05-2023
Thai Red Chicken Curry Ramen Noodle Pot 300 g,6009226241901,69.99,0.3,Ready_meals,29-05-2023
Beef Meatballs Pasta Bake 1.6 kg,6009217223855,304.99,6.0,Ready_meals,29-05-2023
Fresh Egg Noodles 500 g,6009217821471,38.99,0.5,Ready_meals,29-05-2023
Everything Green Soup 300 g,6009226202612,46.99,0.3,Ready_meals,29-05-2023
Fiery Carrot Soup 300 g,6009226202643,46.99,0.3,Ready_meals,29-05-2023
Vacuum Packed Cooked Baby Beetroot 500 g,6009226496202,29.99,0.5,Ready_meals,29-05-2023
Frozen Macaroni Cheese 1 kg,6009223777748,169.99,1.0,Ready_meals,29-05-2023
"Chicken, Coriander and Lime Booster Bowl 350 g",6007875187618,74.99,0.35,Ready_meals,29-05-2023
Coronation Chicken with Yellow Rice 350 g,6007875205640,87.99,0.35,Ready_meals,29-05-2023
Roasted Carrot & Quinoa Vegetable Pot 300 g,6009226151330,59.99,0.3,Ready_meals,29-05-2023
Moroccan Style Roasted Vegetables with Chickpeas Sprinkle  700 g,6009223461401,79.99,0.7,Ready_meals,29-05-2023
Frozen BBQ Chicken Mini Pizzas 10 x 65 g,6009217739561,104.99,0.65,Ready_meals,29-05-2023
Cape Malay Style Chicken Booster Bowl 350 g,6009226142253,74.99,0.35,Ready_meals,29-05-2023
Curried Carrot Crush & Grain Vegetable Pot 300 g,6009226151323,59.99,0.3,Ready_meals,29-05-2023
Frozen PlantLove™ Crumbed Savoury Soya Portions 400 g,6009217300471,79.99,0.4,Ready_meals,29-05-2023
Broccoli & Corn Medley 330 g,6009217539420,38.99,0.33,Ready_meals,29-05-2023
Shepherd's Pie with a Buttery Mash 350 g,6009217383689,87.99,0.35,Ready_meals,29-05-2023
Asian Style Lightly Smoked Trout Steamer 300 g,6009226046209,84.99,0.3,Ready_meals,29-05-2023
Lemon Chicken Pasta 300 g,6009217189922,69.99,0.3,Ready_meals,29-05-2023
Mexican Style Chicken Booster Bowl 350 g,6007875187847,74.99,0.35,Ready_meals,29-05-2023
Harissa Pumpkin Crush & Chickpea Vegetable Pot 300 g,6009226142239,59.99,0.3,Ready_meals,29-05-2023
Creamy Potato Mash 800 g,6009223461395,82.99,0.8,Ready_meals,29-05-2023
Spinach & Ricotta Ravioli 500 g,6009217690152,149.99,0.5,Ready_meals,29-05-2023
Potato Croquette Bake 920 g,6009226151309,119.99,0.92,Ready_meals,29-05-2023
Beef Ragu with Tagliatelle 400 g,6007875513110,89.99,0.4,Ready_meals,29-05-2023
Macaroni Cheese 400 g,6009226278631,79.99,0.4,Ready_meals,29-05-2023
Fresh Caprese Ravioli 250 g,6009226187957,79.99,0.25,Ready_meals,29-05-2023
Mediterranean Style Vegetable Pot 310 g,6009226142246,59.99,0.31,Ready_meals,29-05-2023
Miso Tofu Ramen Noodle Pot 300 g,6009226241956,69.99,0.3,Ready_meals,29-05-2023
Broccoli & Sweet Potato Soup Mix 440 g,6009217501946,37.5,0.44,Ready_meals,29-05-2023
PlantLove™ Butternut Girasoli 250 g,6009223966326,84.99,0.25,Ready_meals,29-05-2023
Dukkah & Hummus Chicken Booster Bowl 350 g,6009226175930,74.99,0.35,Ready_meals,29-05-2023
Slow Cooked Beef Pie 1 kg,6009226197987,229.99,1.0,Ready_meals,29-05-2023
Frozen Plant Powered™ Falafel & Veg Pizza 377 g,6009217821860,79.99,0.38,Ready_meals,29-05-2023
Tikka Chicken 220 g,6009217260003,59.99,0.22,Ready_meals,29-05-2023
Kids Gnocchi Shapes 400 g,6009226109607,79.99,0.4,Ready_meals,29-05-2023
"Stonebaked Sun-Dried Tomato, Chicken & South African Feta Pizza 420 g",6007875722925,99.99,0.42,Ready_meals,29-05-2023
Cauliflower & Smoked Pork Soup 600 g,6009226202599,69.99,0.6,Ready_meals,29-05-2023
Fresh Beef Bolognese Ravioli 500 g,6009226187964,144.99,0.5,Ready_meals,29-05-2023
Asian Sesame Stir-Fry Sauce 100 g,6009217711338,22.99,0.1,Ready_meals,29-05-2023
Basil Pesto Chicken & Bacon Pasta 400 g,6009226276736,89.99,0.4,Ready_meals,29-05-2023
Stonebaked Thin & Crispy Pepperoni Pizza 340 g,6009226150944,99.99,0.34,Ready_meals,29-05-2023
Citrus Honey Chicken Booster Bowl 350 g,6009226142291,74.99,0.35,Ready_meals,29-05-2023
Lamb Rogan Josh 350 g,6007875250121,102.99,0.35,Ready_meals,29-05-2023
PlantLove™ Coconut & Sesame Vegetable Noodle 400 g,6007875205602,77.99,0.4,Ready_meals,29-05-2023
Low Fat Yellow Coconut Chicken Curry 340 g,6009223395638,95.99,0.34,Ready_meals,29-05-2023
PlantLove™ Spinach and Hummus Girasoli 250 g,6009223966395,84.99,0.25,Ready_meals,29-05-2023
Falafel and Ancient Grain Booster Bowl 380 g,6007875187670,74.99,0.38,Ready_meals,29-05-2023
Thai Coconut Sauce 225 g,6009223700838,41.99,0.23,Ready_meals,29-05-2023
"Chickpea, Carrot & Sweet Potato Curry Soup 600 g",6009226202636,55.99,0.6,Ready_meals,29-05-2023
Italian Salami Pizza 470 g,6009223074304,134.99,0.47,Ready_meals,29-05-2023
Fresh Sweet & Sour Stir-Fry Sauce 250 g,6009217821693,41.99,0.25,Ready_meals,29-05-2023
Frozen PlantLove™ Soya Rounds 320 g,6009217300488,79.99,0.32,Ready_meals,29-05-2023
Fresh Creamy Tomato Sauce 400 g,6009226187971,72.99,0.4,Ready_meals,29-05-2023
Fresh Coriander & Jalapeño Pesto 125 g,6009226187933,67.99,0.12,Ready_meals,29-05-2023
Mature Cheddar & Caramelised Onion Quiche 2 x 150 g,6007875722895,75.99,0.3,Ready_meals,29-05-2023
Fresh & Creamy Lentil & Vegetable Masala Soup 600 g,6007875246322,55.99,0.6,Ready_meals,29-05-2023
Golden Turmeric Soup 300 g,6009226202629,46.99,0.3,Ready_meals,29-05-2023
Mexican Style Chicken 1 kg,6007875733082,189.99,1.0,Ready_meals,29-05-2023
Tikka Chicken Curry 350 g,6009223395539,94.99,0.35,Ready_meals,29-05-2023
Frozen PlantLove™ Minced Soya  300 g,6009217300525,69.99,0.3,Ready_meals,29-05-2023
Coconut Chicken Ramen Noodle Pot 300 g,6007875250169,69.99,0.3,Ready_meals,29-05-2023
Hot Smoked Trout Soup 600 g,6009226202605,89.99,0.6,Ready_meals,29-05-2023
Shepherd's Pie 1 kg,6009223179115,199.99,1.0,Ready_meals,29-05-2023
Mini Cheese & Tomato Pizzas 4 x 80 g,6007875722918,74.99,0.32,Ready_meals,29-05-2023
Fresh Pumpkin & Ginger Soup 600 g,6007875246292,55.99,0.6,Ready_meals,29-05-2023
Spinach & Ricotta Ravioli 300 g,6007875513127,72.99,0.3,Ready_meals,29-05-2023
